{"stat.walkOneCm":5925,"achievement.openInventory":6,"stat.killEntity.Chicken":1,"stat.leaveGame":6,"stat.mobKills":36,"stat.useItem.minecraft.stonebrick":176,"stat.useItem.minecraft.diamond_sword":36,"stat.useItem.minecraft.potion":1,"stat.flyOneCm":443207,"stat.jump":38,"stat.playOneMinute":36650,"stat.killEntity.Sheep":35,"stat.damageDealt":4320,"stat.crouchOneCm":305,"stat.timeSinceDeath":36650,"stat.sprintOneCm":1798,"stat.useItem.minecraft.sign":7,"achievement.exploreAllBiomes":{"value":0,"progress":["ForestHills","Forest","Plains"]}}